sample,method,bpp,psnr_db,lpips_vgg
kitti_0042,ATN,0.0440,22.50,0.4217
kitti_0042,MDIC,0.0937,19.72,0.2321
kitti_0042,CODIC,0.0999,22.35,0.3048
kitti_0042,SPDIC,0.0546212345,24.5148562560,0.1752486229
kitti_0135,MDIC,0.0784587413,19.6050170447,0.2665414214
kitti_0135,CODIC,0.0694000000,22.7162324102,0.3008148670
kitti_0135,SPDIC,0.0508180857,24.3410605786,0.1931693852
kitti_0495,MDIC,0.0711840764,19.3902396529,0.2687934041
kitti_0495,CODIC,0.0810000000,22.4877680596,0.2540187240
kitti_0495,SPDIC,0.0528131686,23.3678069495,0.2002402395
